{
  "09:15": 53461.07692307692,
  "09:20": 30173.76923076923,
  "09:25": 25462.0,
  "09:30": 24208.30769230769,
  "09:35": 16665.69230769231,
  "09:40": 17459.923076923078,
  "09:45": 17164.076923076922,
  "09:50": 13093.538461538461,
  "09:55": 13789.76923076923,
  "10:00": 11497.76923076923,
  "10:05": 10860.384615384615,
  "10:10": 11269.0,
  "10:15": 12215.0,
  "10:20": 11599.384615384615,
  "10:25": 10397.846153846154,
  "10:30": 13711.307692307691,
  "10:35": 9486.0,
  "10:40": 12195.0,
  "10:45": 11270.923076923076,
  "10:50": 7992.0,
  "10:55": 7433.538461538462,
  "11:00": 10406.692307692309,
  "11:05": 9270.0,
  "11:10": 8217.76923076923,
  "11:15": 8274.153846153846,
  "11:20": 8472.615384615385,
  "11:25": 7473.2307692307695,
  "11:30": 8221.076923076924,
  "11:35": 5972.153846153846,
  "11:40": 8045.615384615385,
  "11:45": 8839.153846153846,
  "11:50": 7330.692307692308,
  "11:55": 7240.0,
  "12:00": 10847.076923076924,
  "12:05": 9815.153846153846,
  "12:10": 7923.923076923077,
  "12:15": 5904.296875,
  "12:20": 8778.671875,
  "12:25": 5799.923076923077,
  "12:30": 9519.76923076923,
  "12:35": 6778.846153846154,
  "12:40": 6181.307692307692,
  "12:45": 7036.7692307692305,
  "12:50": 6439.923076923077,
  "12:55": 6836.076923076923,
  "13:00": 5769.076923076923,
  "13:05": 5414.461538461538,
  "13:10": 8170.0,
  "13:15": 6343.692307692308,
  "13:20": 6072.2307692307695,
  "13:25": 5440.923076923077,
  "13:30": 7800.2307692307695,
  "13:35": 6392.2307692307695,
  "13:40": 6965.461538461538,
  "13:45": 8024.307692307692,
  "13:50": 7069.538461538462,
  "13:55": 8690.0,
  "14:00": 6887.2307692307695,
  "14:05": 6874.615384615385,
  "14:10": 6223.076923076923,
  "14:15": 10237.846153846154,
  "14:20": 10024.076923076924,
  "14:25": 10434.615384615385,
  "14:30": 9552.23076923077,
  "14:35": 11343.076923076924,
  "14:40": 7623.692307692308,
  "14:45": 10931.538461538461,
  "14:50": 9659.538461538461,
  "14:55": 10886.307692307691,
  "15:00": 17159.384615384617,
  "15:05": 14447.131147540984,
  "15:10": 16797.049180327867,
  "15:15": 20718.916666666668,
  "15:20": 20281.083333333332,
  "15:25": 27104.91935483871,
  "15:30": 11204.929117564307
}